Артикул,Ссылка,Цена
GXW-56-1AER,23490,https://shop.casio.ru//catalog/g-shock/gxw_56_1aer/
GXW-56BB-1ER,24490,https://shop.casio.ru//catalog/g-shock-youth/gxw_56bb_1er/
MRG-B2000B-1ADR,232990,https://shop.casio.ru//catalog/g-shock-premium/mrg-b2000b-1a/
MTG-B1000-1AER,80990,https://shop.casio.ru//catalog/g-shock-premium/mtg-b1000-1aer/
MTG-B2000B-1A2ER,105990,https://shop.casio.ru//catalog/g-shock-premium/mtg_b2000b_1a2er/
MTG-B2000BD-1A4ER,105990,https://shop.casio.ru//catalog/g-shock-premium/mtg_b2000bd_1a4er/
MTG-B2000BDE-1AER,117590,https://shop.casio.ru//catalog/g-shock-premium/mtg-b2000bde-1aer/
GA-700SKE-7AER,12390,https://shop.casio.ru//catalog/g-shock-youth/ga-700ske-7aer/
GA-2100SKE-7AER,11790,https://shop.casio.ru//catalog/g-shock-youth/ga-2100ske-7aer/
DW-5600SKE-7ER,11790,https://shop.casio.ru//catalog/g-shock/dw-5600ske-7er/
GA-110SKE-8AER,12390,https://shop.casio.ru//catalog/g-shock-youth/ga-110ske-8aer/
GA-900SKE-8AER,12390,https://shop.casio.ru//catalog/g-shock-youth/ga-900ske-8aer/
GA-2000SKE-8AER,12390,https://shop.casio.ru//catalog/g-shock-youth/ga-2000ske-8aer/
GA-2100-1A1ER,9890,https://shop.casio.ru//catalog/g-shock-youth/ga_2100_1a1er/
GA-2100-1AER,9890,https://shop.casio.ru//catalog/g-shock-youth/ga_2100_1aer/
GA-2100-4AER,9890,https://shop.casio.ru//catalog/g-shock-youth/ga_2100_4aer/
DW-5600BBN-1ER,10590,https://shop.casio.ru//catalog/g-shock/dw_5600bbn_1er/
GMW-B5000D-1ER,49990,https://shop.casio.ru//catalog/g-shock-premium/gmw_b5000d_1er/
DW-5600BBMB-1ER,7990,https://shop.casio.ru//catalog/g-shock/dw_5600bbmb_1er/
GST-B300E-5AER,46590,https://shop.casio.ru//catalog/g-shock-g-steel/gst-b300e-5a/
DW-5600E-1VER,7740,https://shop.casio.ru//catalog/g-shock/dw_5600e_1ver/
GMA-S140-4AER,10590,https://shop.casio.ru//catalog/g-shock/gma_s140_4aer/
DW-5600LS-2ER,11790,https://shop.casio.ru//catalog/g-shock-youth/dw-5600ls-2/
DW-5600LS-7ER,11790,https://shop.casio.ru//catalog/g-shock-youth/dw-5600ls-7/
DW-5610DN-9ER,11790,https://shop.casio.ru//catalog/g-shock/dw-5610dn-9/
GMA-S140-1AER,10590,https://shop.casio.ru//catalog/g-shock/gma_s140_1aer/
AW-590-1AER,9590,https://shop.casio.ru//catalog/g-shock/aw_590_1a/
AW-591-2AER,9590,https://shop.casio.ru//catalog/g-shock/aw_591_2a/
AW-591-4AER,9590,https://shop.casio.ru//catalog/g-shock/aw_591_4a/
AWG-M100A-1AER,15290,https://shop.casio.ru//catalog/g-shock/awg_m100a_1aer/
AWG-M100B-1AER,15290,https://shop.casio.ru//catalog/g-shock/awg_m100b_1aer/
AWG-M100SAR-1AER,13990,https://shop.casio.ru//catalog/g-shock/awg_m100sar_1aer/
AWG-M100SB-2AER,15290,https://shop.casio.ru//catalog/g-shock/awg_m100sb_2aer/
AWG-M100SBL-1AER,15290,https://shop.casio.ru//catalog/g-shock/awg_m100sbl_1aer/
DW-5600BB-1ER,9890,https://shop.casio.ru//catalog/g-shock/dw_5600bb_1er/
DW-5600SB-2ER,10540,https://shop.casio.ru//catalog/g-shock/dw_5600sb_2er/
DW-5600WM-5ER,11790,https://shop.casio.ru//catalog/g-shock/dw_5600wm_5er/
DW-5610SU-8ER,12390,https://shop.casio.ru//catalog/g-shock/dw_5610su_8er/
GM-110-1AER,20690,https://shop.casio.ru//catalog/g-shock-youth/gm_110_1aer/
GM-110G-1A9ER,23540,https://shop.casio.ru//catalog/g-shock-youth/gm_110g_1a9er/
GM-110NE-1AER,35940,https://shop.casio.ru//catalog/g-shock-youth/gm_110ne_1aer/
GM-110SCM-1AER,23540,https://shop.casio.ru//catalog/g-shock-youth/gm_110scm_1aer/
GM-110SG-9AER,25890,https://shop.casio.ru//catalog/g-shock-youth/gm-110sg-9aer/
GM-5600-1ER,18840,https://shop.casio.ru//catalog/g-shock/gm_5600_1er/
GM-5600B-3ER,19990,https://shop.casio.ru//catalog/g-shock/gm_5600b_3er/
GM-5600SCM-1ER,21790,https://shop.casio.ru//catalog/g-shock/gm_5600scm_1er/
GM-5600SG-9ER,23540,https://shop.casio.ru//catalog/g-shock/gm-5600sg-9er/
GM-6900-1ER,19990,https://shop.casio.ru//catalog/g-shock/gm_6900_1er/
GM-6900B-4ER,19990,https://shop.casio.ru//catalog/g-shock/gm_6900b_4er/
GM-6900G-9ER,21390,https://shop.casio.ru//catalog/g-shock/gm_6900g_9er/
GM-6900SCM-1ER,21790,https://shop.casio.ru//catalog/g-shock/gm_6900scm_1er/
GM-6900SG-9ER,24590,https://shop.casio.ru//catalog/g-shock/gm-6900sg-9er/
GM-S5600-1ER,16490,https://shop.casio.ru//catalog/g-shock/gm_s5600_1er/
GM-S5600G-7ER,17990,https://shop.casio.ru//catalog/g-shock/gm-s5600g-7er/
GM-S5600PG-1ER,17990,https://shop.casio.ru//catalog/g-shock/gm-s5600pg-1er/
GM-S5600PG-4ER,17990,https://shop.casio.ru//catalog/g-shock/gm_s5600pg_4er/
GMA-B800-1AER,12390,https://shop.casio.ru//catalog/g-shock/gma_b800_1aer/
GMA-B800-7AER,12390,https://shop.casio.ru//catalog/g-shock/gma_b800_7aer/
GMA-S110SR-7AER,15290,https://shop.casio.ru//catalog/g-shock/gma-s110sr-7aer/
GMA-S120SR-7AER,15290,https://shop.casio.ru//catalog/g-shock/gma_s120sr_7aer/
GMA-S140M-1AER,11790,https://shop.casio.ru//catalog/g-shock/gma-s140m-1aer/
GMA-S140M-4AER,11790,https://shop.casio.ru//catalog/g-shock/gma-s140m-4aer/
GMA-S140MC-1AER,12840,https://shop.casio.ru//catalog/g-shock/gma-s140mc-1aer/
GMA-S140NC-5A2ER,12390,https://shop.casio.ru//catalog/g-shock/gma_s140nc_5a2er/
GMA-S2100-1AER,10590,https://shop.casio.ru//catalog/g-shock/gma_s2100_1aer/
GMA-S2100-4A2ER,10590,https://shop.casio.ru//catalog/g-shock/gma_s2100_4a2er/
GMA-S2100-4AER,10590,https://shop.casio.ru//catalog/g-shock/gma_s2100_4aer/
GMD-B800-1ER,10590,https://shop.casio.ru//catalog/g-shock-connected/gmd_b800_1er/
GMD-B800-4ER,10590,https://shop.casio.ru//catalog/g-shock-connected/gmd_b800_4er/
GA-140GB-1A2ER,15290,https://shop.casio.ru//catalog/g-shock-youth/ga_140gb_1a2er/
GA-140MG-1AER,11790,https://shop.casio.ru//catalog/g-shock/ga_140mg_1aer/
GA-2000-1A2ER,12840,https://shop.casio.ru//catalog/g-shock-youth/ga_2000_1a2er/
GA-2000-1A9ER,12840,https://shop.casio.ru//catalog/g-shock-youth/ga_2000_1a9er/
GA-2000-2AER,12840,https://shop.casio.ru//catalog/g-shock-youth/ga_2000_2aer/
GA-2000S-1AER,12390,https://shop.casio.ru//catalog/g-shock-youth/ga_2000s_1aer/
GA-2000SU-1AER,13990,https://shop.casio.ru//catalog/g-shock-youth/ga_2000su_1aer/
GA-2100SU-1AER,11790,https://shop.casio.ru//catalog/g-shock-youth/ga_2100su_1aer/
GA-2110ET-2AER,11790,https://shop.casio.ru//catalog/g-shock-youth/ga_2110et_2aer/
GA-700-1BER,12390,https://shop.casio.ru//catalog/g-shock-youth/ga_700_1ber/
GA-700CT-1AER,11790,https://shop.casio.ru//catalog/g-shock-youth/ga-700ct-1aer/
GA-700MG-1AER,11790,https://shop.casio.ru//catalog/g-shock/ga_700mg_1aer/
GA-710GB-1AER,14940,https://shop.casio.ru//catalog/g-shock-youth/ga_710gb_1aer/
GA-800SC-2AER,10540,https://shop.casio.ru//catalog/g-shock-youth/ga_800sc_2aer/
GA-900-1AER,12390,https://shop.casio.ru//catalog/g-shock-youth/ga_900_1aer/
GA-900-2AER,12390,https://shop.casio.ru//catalog/g-shock-youth/ga_900_2aer/
GA-900-4AER,12390,https://shop.casio.ru//catalog/g-shock-youth/ga_900_4aer/
GA-900A-1A9ER,12390,https://shop.casio.ru//catalog/g-shock-youth/ga_900a_1a9er/
GA-900C-1A4ER,13490,https://shop.casio.ru//catalog/g-shock-youth/ga_900c_1a4er/
GA-900E-1A3ER,16490,https://shop.casio.ru//catalog/g-shock-youth/ga_900e_1a3er/
GAW-100-1AER,14490,https://shop.casio.ru//catalog/g-shock-youth/gaw_100_1aer/
GAW-100B-1A2ER,14490,https://shop.casio.ru//catalog/g-shock-youth/gaw_100b_1a2er/
GAW-100B-1AER,14490,https://shop.casio.ru//catalog/g-shock-youth/gaw_100b_1aer/
GBA-800-1AER,13490,https://shop.casio.ru//catalog/g-shock-connected/gba_800_1aer/
GBA-800-9AER,13490,https://shop.casio.ru//catalog/g-shock-connected/gba_800_9aer/
GBD-800-1BER,10590,https://shop.casio.ru//catalog/g-shock-connected/gbd_800_1ber/
GBD-800-8ER,10590,https://shop.casio.ru//catalog/g-shock-connected/gbd_800_8er/
GBD-800UC-3ER,10590,https://shop.casio.ru//catalog/g-shock-connected/gbd_800uc_3er/
GG-B100-1A3ER,37390,https://shop.casio.ru//catalog/g-shock-connected/gg_b100_1a3er/
GG-B100-1AER,37390,https://shop.casio.ru//catalog/g-shock-connected/gg_b100_1aer/
GG-B100-1BER,37390,https://shop.casio.ru//catalog/g-shock-connected/gg_b100_1ber/
GMD-S6900MC-1ER,8990,https://shop.casio.ru//catalog/g-shock/gmd_s6900mc_1er/
GMW-B5000GD-4ER,51990,https://shop.casio.ru//catalog/g-shock-premium/gmw_b5000gd_4er/
GMW-B5000GD-9ER,51990,https://shop.casio.ru//catalog/g-shock-premium/gmw_b5000gd_9er/
GMW-B5000RD-4ER,51990,https://shop.casio.ru//catalog/g-shock-premium/gmw-b5000rd-4er/
GMW-B5000TR-9ER,169490,https://shop.casio.ru//catalog/g-shock-premium/gmw-b5000tr-9er/
GST-B100-1AER,27490,https://shop.casio.ru//catalog/g-shock-g-steel/gst_b100_1aer/
GST-B100D-1AER,34990,https://shop.casio.ru//catalog/g-shock-g-steel/gst_b100d_1aer/
GST-B200-1AER,26990,https://shop.casio.ru//catalog/g-shock-g-steel/gst_b200_1aer/
GST-B200B-1AER,32590,https://shop.casio.ru//catalog/g-shock-g-steel/gst_b200b_1aer/
GST-B300S-1AER,28590,https://shop.casio.ru//catalog/g-shock-g-steel/gst_b300s_1aer/
GST-B300SD-1AER,35990,https://shop.casio.ru//catalog/g-shock-g-steel/gst_b300sd_1aer/
GST-B400-1AER,30790,https://shop.casio.ru//catalog/g-shock-g-steel/gst_b400_1aer/
GST-B400D-1AER,35990,https://shop.casio.ru//catalog/g-shock-g-steel/gst_b400d_1aer/
GST-W110-1AER,26390,https://shop.casio.ru//catalog/g-shock-g-steel/gst_w110_1aer/
GW-3000M-4AER,24740,https://shop.casio.ru//catalog/g-shock-professional/gw_3000m_4aer/
GW-9400-1ER,29440,https://shop.casio.ru//catalog/g-shock-professional/gw_9400_1er/
GW-B5600-2ER,13590,https://shop.casio.ru//catalog/g-shock-connected/gw_b5600_2er/
GW-B5600BC-1BER,20690,https://shop.casio.ru//catalog/g-shock-connected/gw_b5600bc_1ber/
GW-B5600CT-1ER,12190,https://shop.casio.ru//catalog/g-shock-connected/gw-b5600ct-1er/
GW-B5600MG-1ER,14490,https://shop.casio.ru//catalog/g-shock/gw_b5600mg_1er/
GW-M5610-1BER,13490,https://shop.casio.ru//catalog/g-shock/gw_m5610_1ber/
GW-M5610-1ER,13840,https://shop.casio.ru//catalog/g-shock/gw_m5610_1er/
GW-M5610BB-1ER,15690,https://shop.casio.ru//catalog/g-shock/gw_m5610bb_1er/
GW-M5610U-1BER,13840,https://shop.casio.ru//catalog/g-shock/gw_m5610u_1ber/
GW-M5610U-1ER,13840,https://shop.casio.ru//catalog/g-shock/gw_m5610u_1er/
GWF-A1000C-1AER,103990,https://shop.casio.ru//catalog/g-shock-premium/gwf_a1000c_1aer/
GWG-100-1A3ER,28890,https://shop.casio.ru//catalog/g-shock-professional/gwg_100_1a3er/
GWG-100-1AER,28890,https://shop.casio.ru//catalog/g-shock-professional/gwg_100_1aer/
GWG-1000-1A3ER,69990,https://shop.casio.ru//catalog/g-shock-professional/gwg_1000_1a3er/
GWG-1000-1AER,69990,https://shop.casio.ru//catalog/g-shock-professional/gwg_1000_1aer/
GX-56BB-1ER,13490,https://shop.casio.ru//catalog/g-shock/gx_56bb_1er/
DW-5610SUS-5ER,15290,https://shop.casio.ru//catalog/g-shock/dw_5610sus_5er/
DW-5900RS-1ER,8990,https://shop.casio.ru//catalog/g-shock/dw_5900rs_1er/
DW-6900LS-1ER,11790,https://shop.casio.ru//catalog/g-shock-youth/dw-6900ls-1/
DW-6900LS-2ER,11790,https://shop.casio.ru//catalog/g-shock-youth/dw-6900ls-2/
DW-6900SP-1ER,12990,https://shop.casio.ru//catalog/g-shock/dw_6900sp_1er/
DWE-5600CC-3ER,27790,https://shop.casio.ru//catalog/g-shock/dwe_5600cc_3er/
DWE-5600KS-7ER,24590,https://shop.casio.ru//catalog/g-shock/dwe_5600ks_7er/
G-2900F-1VER,6890,https://shop.casio.ru//catalog/g-shock/g_2900f_1ver/
G-2900F-8VER,6890,https://shop.casio.ru//catalog/g-shock/g_2900f_8ver/
G-9000-1VER,9940,https://shop.casio.ru//catalog/g-shock-professional/g_9000_1ver/
G-9300-1ER,17990,https://shop.casio.ru//catalog/g-shock-professional/g_9300_1er/
GA-100-1A1ER,10590,https://shop.casio.ru//catalog/g-shock-youth/ga_100_1a1er/
GA-100-1A2ER,10590,https://shop.casio.ru//catalog/g-shock-youth/ga_100_1a2er/
GA-100-1A4ER,10590,https://shop.casio.ru//catalog/g-shock-youth/ga_100_1a4er/
GA-100B-4AER,10590,https://shop.casio.ru//catalog/g-shock-youth/ga_100b_4aer/
GA-100B-7AER,10590,https://shop.casio.ru//catalog/g-shock-youth/ga_100b_7aer/
GA-100CF-1A9ER,12840,https://shop.casio.ru//catalog/g-shock-youth/ga_100cf_1a9er/
GA-100CM-5AER,15690,https://shop.casio.ru//catalog/g-shock-youth/ga_100cm_5aer/
GA-100GBX-1A4,11790,https://shop.casio.ru//catalog/g-shock-youth/ga_100gbx_1a4/
GA-100GBX-1A9,11790,https://shop.casio.ru//catalog/g-shock-youth/ga_100gbx_1a9/
GA-110-1AER,12390,https://shop.casio.ru//catalog/g-shock-youth/ga_110_1aer/
GA-110-1BER,12390,https://shop.casio.ru//catalog/g-shock-youth/ga_110_1ber/
GA-110BT-1AER,9990,https://shop.casio.ru//catalog/g-shock-youth/ga_110bt_1aer/
GA-110GB-1AER,13840,https://shop.casio.ru//catalog/g-shock-youth/ga_110gb_1aer/
GA-110LS-1AER,13490,https://shop.casio.ru//catalog/g-shock-youth/ga_110ls_1aer/
GA-110RG-1AER,13840,https://shop.casio.ru//catalog/g-shock-youth/ga_110rg_1aer/
GA-140-1A1ER,10590,https://shop.casio.ru//catalog/g-shock-youth/ga_140_1a1er/
GA-140-1A4ER,10590,https://shop.casio.ru//catalog/g-shock-youth/ga_140_1a4er/
GA-140-6AER,10590,https://shop.casio.ru//catalog/g-shock-youth/ga_140_6aer/
GA-140CT-1AER,11790,https://shop.casio.ru//catalog/g-shock-youth/ga-140ct-1aer/
GA-140GB-1A1ER,15290,https://shop.casio.ru//catalog/g-shock-youth/ga_140gb_1a1er/
